country,year,fd_ln_gdp,temp_unweighted,temp_unweighted_2,temp_unweighted_3,fd_temp_unweighted,fd_temp_unweighted_2,fd_temp_unweighted_3,temp_pop_weighted,temp_pop_weighted_2,temp_pop_weighted_3,fd_temp_pop_weighted,fd_temp_pop_weighted_2,fd_temp_pop_weighted_3,temp_ag_weighted,temp_ag_weighted_2,temp_ag_weighted_3,fd_temp_ag_weighted,fd_temp_ag_weighted_2,fd_temp_ag_weighted_3,precip_unweighted,precip_unweighted_2,precip_unweighted_3,fd_precip_unweighted,fd_precip_unweighted_2,fd_precip_unweighted_3,precip_pop_weighted,precip_pop_weighted_2,precip_pop_weighted_3,fd_precip_pop_weighted,fd_precip_pop_weighted_2,fd_precip_pop_weighted_3,precip_ag_weighted,precip_ag_weighted_2,precip_ag_weighted_3,fd_precip_ag_weighted,fd_precip_ag_weighted_2,fd_precip_ag_weighted_3,humidity_unweighted,humidity_unweighted_2,humidity_unweighted_3,fd_humidity_unweighted,fd_humidity_unweighted_2,fd_humidity_unweighted_3,humidity_pop_weighted,humidity_pop_weighted_2,humidity_pop_weighted_3,fd_humidity_pop_weighted,fd_humidity_pop_weighted_2,fd_humidity_pop_weighted_3,humidity_ag_weighted,humidity_ag_weighted_2,humidity_ag_weighted_3,fd_humidity_ag_weighted,fd_humidity_ag_weighted_2,fd_humidity_ag_weighted_3,temp_daily_std_unweighted,temp_daily_std_unweighted_2,temp_daily_std_unweighted_3,fd_temp_daily_std_unweighted,fd_temp_daily_std_unweighted_2,fd_temp_daily_std_unweighted_3,temp_annual_std_unweighted,temp_annual_std_unweighted_2,temp_annual_std_unweighted_3,fd_temp_annual_std_unweighted,fd_temp_annual_std_unweighted_2,fd_temp_annual_std_unweighted_3,temp_daily_std_pop_weighted,temp_daily_std_pop_weighted_2,temp_daily_std_pop_weighted_3,fd_temp_daily_std_pop_weighted,fd_temp_daily_std_pop_weighted_2,fd_temp_daily_std_pop_weighted_3,temp_annual_std_pop_weighted,temp_annual_std_pop_weighted_2,temp_annual_std_pop_weighted_3,fd_temp_annual_std_pop_weighted,fd_temp_annual_std_pop_weighted_2,fd_temp_annual_std_pop_weighted_3,temp_daily_std_ag_weighted,temp_daily_std_ag_weighted_2,temp_daily_std_ag_weighted_3,fd_temp_daily_std_ag_weighted,fd_temp_daily_std_ag_weighted_2,fd_temp_daily_std_ag_weighted_3,temp_annual_std_ag_weighted,temp_annual_std_ag_weighted_2,temp_annual_std_ag_weighted_3,fd_temp_annual_std_ag_weighted,fd_temp_annual_std_ag_weighted_2,fd_temp_annual_std_ag_weighted_3,Wildfire,Drought,Extreme temperature
AFG,1961,0.0011910445224820876,11.332833862304767,128.4331233506016,1455.5112493492627,-0.2369079589844887,-5.425802460688033,-93.20196276247066,8.994159952799748,80.89491325654677,727.5817891972424,-0.3303197224931864,-6.051007958404256,-83.1436860211893,9.716683959960903,94.4139471777615,917.3904861387512,-0.2423095703125,-4.767604958266006,-70.35794990642103,35.26034328848485,1243.2918088217984,43838.895986817886,1.2882634740094758,89.18960190071334,4631.64369923262,54.66259070567504,2987.998822656152,163331.75667189213,-1.9361552874670167,-215.41922534006244,-17977.687736492575,41.91176528377125,1756.5960692019332,73622.04215078663,0.20949884617493097,17.51704316966061,1098.505251153285,4.609980781873067,21.251922809239012,97.97095572844174,0.02980951468149584,0.27395397243176944,1.8882656180570194,5.156787991523743,26.592462389523476,137.13169071534142,-0.008836507797241211,-0.0912140784616895,-0.7061621796375732,4.642846643924711,21.556024959002954,100.08131813726419,0.0038596391677847564,0.03582452869931174,0.24938800132117933,6.032670695402176,36.39311571916418,219.54768271338202,-0.08934313987029974,-1.0859376801034344,-9.89960072985022,11.62467900172587,135.13316189316637,1570.8796294963136,0.5720261361250856,12.972026525693153,220.67500661196527,nan,nan,nan,nan,nan,nan,nan,nan,nan,nan,nan,nan,nan,nan,nan,nan,nan,nan,nan,nan,nan,nan,nan,nan,0,0,0
AFG,1962,-0.02420558115010607,10.351284281412916,107.1490862746261,1109.1306525222935,-0.9815495808918513,-21.28403707597549,-346.38059682696917,8.243020629882892,67.94738910467495,560.0917301365157,-0.7511393229168561,-12.947524151871818,-167.4900590607267,8.641979471842603,74.68380919174896,645.4159459141044,-1.0747044881183,-19.730137986012537,-271.9745402246467,32.543104739033886,1059.0536660557298,34464.89437870943,-2.717238549450961,-184.23814276606868,-9374.001608108454,56.04888473590107,3141.4774801383237,176076.30918470185,1.3862940302260256,153.4786574821719,12744.552512809722,41.161664330729735,1694.2826104756687,69739.492093792,-0.7501009530415175,-62.31345872626457,-3882.5500569946307,4.571204066276552,20.895906615543286,95.51945328950657,-0.038776715596514855,-0.35601619369572646,-2.451502438935165,5.215345203876497,27.19982559559758,141.85647996627702,0.05855721235275446,0.6073632060741048,4.724789250935601,4.679733296235402,21.899903723894262,102.48570864105766,0.03688665231069077,0.34387876489130775,2.404390503793465,5.923220719176375,35.084543688080295,207.8134960960859,-0.10944997622580122,-1.3085720310838838,-11.734186617296103,11.31415899863315,128.01019384635148,1448.3276866234717,-0.3105200030927193,-7.12296804681489,-122.55194287284189,nan,nan,nan,nan,nan,nan,nan,nan,nan,nan,nan,nan,nan,nan,nan,nan,nan,nan,nan,nan,nan,nan,nan,nan,0,0,0
AFG,1963,0.2969244794688004,12.36338958740248,152.85340208989206,1889.7861597972162,2.0121053059895644,45.70431581526596,780.6555072749227,10.001690165201865,100.0338061606957,1000.5071352651399,1.7586695353189725,32.08641705602075,440.41540512862423,10.777996317545501,116.16520462102437,1252.0281476323203,2.1360168457028976,41.48139542927541,606.6122017182158,34.41165796107271,1184.162203629859,40748.984721740846,1.8685532220388268,125.10853757412929,6284.090343031414,56.29140256201025,3168.722002398294,178371.80584410156,0.2425178261091787,27.24452225997038,2295.4966593997087,41.073641801858685,1687.044050867393,69293.04304928397,-0.08802252887105055,-7.2385596082756365,-446.44904450803006,5.005427062511444,25.054300078121944,125.40747164331417,0.434222996234892,4.158393462578658,29.888018353807595,5.599765857060749,31.357377653903306,175.59397275328743,0.384420653184252,4.1575520583057255,33.73749278701041,5.061421851317086,25.617991156990083,129.6634602288375,0.3816885550816842,3.718087433095821,27.177751587779838,5.810713577329483,33.764392277761196,196.1952126386657,-0.11250714184689237,-1.3201514103190988,-11.618283457420205,10.502436207121024,110.30116628464664,1158.4309624755494,-0.8117227915121266,-17.709027561704843,-289.8967241479222,nan,nan,nan,nan,nan,nan,nan,nan,nan,nan,nan,nan,nan,nan,nan,nan,nan,nan,nan,nan,nan,nan,nan,nan,0,0,0
AFG,1964,0.04166157657655667,11.108361816406273,123.39570224419286,1370.72410711803,-1.2550277709962074,-29.457699845699196,-519.0620526791863,8.811563110351642,77.6436444477099,684.1618731686997,-1.1901270548502225,-22.3901617129858,-316.34526209644025,9.486947631836017,90.00217536919901,853.8459244789125,-1.2910486857094838,-26.163029251825364,-398.1822231534078,47.81721169115372,2286.4857339166083,109333.37236749344,13.40555373008101,1102.3235302867492,68584.3876457526,86.20653574052996,7431.566804383269,640649.6293302022,29.91513317851971,4262.844801984975,462277.82348610065,56.71329373262779,3216.3976860033185,182412.50672725053,15.639651930769105,1529.3536351359255,113119.46367796656,4.754289786020917,22.603271369462814,107.46250220249608,-0.2511372764905273,-2.4510287086591305,-17.944969440818085,5.456436415513355,29.772698356540232,162.45283550072077,-0.1433294415473938,-1.5846792973630741,-13.141137252566665,4.785405894120532,22.90010957148353,109.58631931938329,-0.27601595719655414,-2.7178815855065537,-20.0771409094542,5.74504885908161,33.00558639323491,189.61870645177373,-0.06566471824787268,-0.7588058845262893,-6.576506186891976,11.799495957111498,139.22810484189057,1642.8214601981838,1.2970597499904741,28.92693855724393,484.39049772263434,nan,nan,nan,nan,nan,nan,nan,nan,nan,nan,nan,nan,nan,nan,nan,nan,nan,nan,nan,nan,nan,nan,nan,nan,0,0,0
AFG,1965,0.20762794057149758,12.73600921630856,162.20593075789657,2065.856229072479,1.627647399902287,38.810228513703706,695.1321219544491,10.0857762654623,101.72288287696266,1025.9542377748714,1.2742131551106581,24.079238429252754,341.79236460617176,11.165645853678257,124.67164732976244,1392.0394620788,1.6786982218422395,34.66947196056343,538.1935375998875,57.186062526852766,3270.2457473251143,187012.47778470832,9.368850835699043,983.760013408506,77679.10541721487,104.64616045101137,10950.818897138815,1145961.151379956,18.43962471048141,3519.252092755546,505311.5220497537,65.84164831292584,4335.12265256301,285431.6210834519,9.128354580298051,1118.7249665596914,103019.11435620137,5.230756461620332,27.360813160782854,143.11775023595152,0.4764666755994149,4.75754179132004,35.655248033455436,5.980128904183705,35.7619417106534,213.8610212936113,0.52369248867035,5.989243354113171,51.40818579289052,5.2456247210502625,27.516578714093644,144.34164554137507,0.46021882692973026,4.616469142610114,34.75532622199178,5.336400165869393,28.477166730290886,151.96555726301466,-0.40864869321221686,-4.528419662944021,-37.65314918875907,10.245303756994128,104.96624907307799,1075.4111059859872,-1.5541922001173702,-34.26185576881258,-567.4103542121966,nan,nan,nan,nan,nan,nan,nan,nan,nan,nan,nan,nan,nan,nan,nan,nan,nan,nan,nan,nan,nan,nan,nan,nan,0,0,0
AFG,1966,0.307292458667793,13.261890665690146,175.87774402871943,2332.471411837115,0.5258814493815862,13.671813270822867,266.61518276463585,10.451600646972679,109.23595608379972,1141.6905892781203,0.36582438151037877,7.513073206837063,115.7363515032489,11.68609517415365,136.5648204193772,1595.9094888620439,0.520449320475393,11.893173089614777,203.87002678324393,70.29241443069624,4941.023526496753,347316.47343633,13.106351903843475,1670.777779171639,160303.99565162166,138.3867443269016,19150.891005399233,2650229.4571965435,33.74058387589024,8200.072108260418,1504268.3058165875,84.00580456077476,7056.975199903086,592826.879433293,18.164156247848922,2721.852547340076,307395.2583498411,5.784841914971668,33.46439598121308,193.58624053133087,0.5540854533513366,6.103582820430226,50.468490295379354,6.678965191046395,44.608576023209416,297.93912648116253,0.6988362868626901,8.846634312556013,84.07810518755124,5.869477073351543,34.4507611145994,202.20795252165203,0.6238523523012809,6.934182400505758,57.86630698027696,5.066628192542278,25.67072124146423,130.06399996489657,-0.26977197332711533,-2.8064454888266575,-21.901557298118092,9.951634401893937,99.0350272689589,985.5603843622755,-0.29366935510019054,-5.93122180411909,-89.8507216237117,nan,nan,nan,nan,nan,nan,nan,nan,nan,nan,nan,nan,nan,nan,nan,nan,nan,nan,nan,nan,nan,nan,nan,nan,0,0,0
AFG,1967,0.1554191037910364,11.548046366373626,133.3573748799151,1540.017148411129,-1.71384429931652,-42.52036914880432,-792.4542634259858,8.588993326822845,73.77080636820736,633.6169636108732,-1.8626073201498343,-35.46514971559236,-508.07362566724714,9.84857838948568,96.99449629384436,955.2579000986046,-1.8375167846679688,-39.57032412553285,-640.6515887634392,42.27545936350905,1787.214464395705,75555.31246343622,-28.01695506718719,-3153.8090621010483,-271761.16097289376,70.56701960027564,4979.704255265687,351402.88778490975,-67.81972472662596,-14171.186750133547,-2298826.5694116335,48.21671600029733,2324.851701853329,112096.71425106988,-35.78908856047743,-4732.1234980497575,-480730.16518222314,4.865367869536083,23.671804505914086,115.17203705701387,-0.9194740454355852,-9.792591475298995,-78.414203474317,5.328963100910187,28.397847730862313,151.33108270303134,-1.3500020901362086,-16.210728292347103,-146.6080437781312,4.83638439575831,23.390614023534475,113.12600067062765,-1.033092677593233,-11.060147091064927,-89.08195185102439,5.525762049207495,30.534046224461818,168.72387383587852,0.45913385666521744,4.8633249829975895,38.659873870981954,10.842454558179103,117.5588208461788,1274.626172937812,0.8908201562851659,18.523793577219905,289.06578857553654,nan,nan,nan,nan,nan,nan,nan,nan,nan,nan,nan,nan,nan,nan,nan,nan,nan,nan,nan,nan,nan,nan,nan,nan,0,0,0
AFG,1968,-0.2210503029700961,11.845582580566543,140.3178266730215,1662.146403380899,0.29753621419291676,6.960451793106387,122.12925496977005,9.18293151855454,84.32623127446239,774.3620070111801,0.593938191731695,10.555424906255027,140.74504340030694,10.178244527180937,103.59666165508868,1054.4321545251216,0.32966613769525566,6.602165361244317,99.174254426517,46.8682418941171,2196.632098245473,102952.28453295083,4.592782530608048,409.4176338497682,27396.97206951461,73.09483686731258,5342.855176659038,390535.12754356896,2.527817267036937,363.1509213933514,39132.23975865921,54.6567429496463,2987.3595498637105,163279.3430150719,6.440026949348969,662.5078480103816,51182.62876400203,4.7228421568870536,22.305238038869557,105.34411852937384,-0.14252571264902958,-1.366566467044528,-9.827918527640023,5.1509819229443865,26.53261477049985,136.66901905129194,-0.17798117796580026,-1.8652329603624622,-14.662063651739402,4.75848827759425,22.64321068800189,107.74745262595381,-0.07789611816406072,-0.7474033355325851,-5.378548044673835,5.630302001351821,31.700300626426323,178.48226606042252,0.10453995214432599,1.1662544019645047,9.758392224543996,11.27173828168469,127.05208389079614,1432.0978377597016,0.42928372350558774,9.493263044617336,157.4716648218896,nan,nan,nan,nan,nan,nan,nan,nan,nan,nan,nan,nan,nan,nan,nan,nan,nan,nan,nan,nan,nan,nan,nan,nan,0,0,0
AFG,1969,0.0017713308926641247,12.529629007975359,156.9916030774976,1967.0465439283673,0.6840464274088163,16.673776404476087,304.90014054746825,9.77668406168624,95.58355124202974,934.4901819873222,0.5937525431316999,11.257319967567355,160.12817497614208,10.768169657389421,115.95347777032221,1248.6067209951625,0.5899251302084849,12.356816115233528,194.17456647004087,45.675271679556325,2086.23044300128,95289.14227024461,-1.1929702145607735,-110.40165524419308,-7663.142262706213,76.23609861548172,5811.9427321094545,443079.8392726286,3.1412617481691427,469.0875554504164,52544.711729059636,55.25229505110476,3052.8161084143353,168675.0963588743,0.595552101458459,65.45655855062478,5395.753343802382,5.01173883676529,25.117526167941506,125.88248137934089,0.28889667987823664,2.8122881290719484,20.538362849967044,5.5555593371391305,30.864239548473776,171.4681142072223,0.404577414194744,4.331624777973925,34.79909515593036,5.078029414017995,25.786382729631942,130.94400998219663,0.31954113642374526,3.143172041630052,23.19655735624282,5.531319639462338,30.59549695390177,169.233473180227,-0.09898236188948317,-1.1048036725245538,-9.24879288019551,10.841232322195498,117.5323182638164,1274.1951676642548,-0.43050595948919224,-9.519765626979733,-157.90267009544687,nan,nan,nan,nan,nan,nan,nan,nan,nan,nan,nan,nan,nan,nan,nan,nan,nan,nan,nan,nan,nan,nan,nan,nan,0,1,0
AFG,1970,0.19184613276317997,12.614340718587357,159.121591764611,2007.2139742027673,0.08471171061199811,2.1299886871134106,40.167430274399976,9.470447794596453,89.68938143017681,849.398604564138,-0.3062362670897869,-5.894169811852933,-85.09157742318416,10.892920430501249,118.65571550523151,1292.5072676226803,0.12475077311182758,2.7022377349093034,43.90054662751777,33.21378703844859,1103.1556494354154,36639.97681060933,-12.461484641107738,-983.0747935658646,-58649.16545963528,53.41882186701245,2853.570529659607,152434.37580884292,-22.817276748469276,-2958.3722024498475,-290645.4634637857,37.0188687602422,1370.3966442880358,50730.53352437511,-18.23342629086256,-1682.4194641262995,-117944.56283449917,4.790481209754943,22.948710221015183,109.93536510188443,-0.22125762701034724,-2.1688159469263226,-15.947116277456459,5.185390412807465,26.888273733235568,139.42619683326248,-0.3701689243316659,-3.975965815238208,-32.04191737395982,4.6985771258672075,22.07662700772255,103.72873467478739,-0.37945228815078735,-3.709755721909392,-27.215275307409243,5.952905680139114,35.43708603663253,210.9536307550483,0.4215860406767762,4.84158908273076,41.720157574821286,11.091316701618409,123.01730617559946,1364.4239025735317,0.2500843794229102,5.484987911783051,90.22873490927691,nan,nan,nan,nan,nan,nan,nan,nan,nan,nan,nan,nan,nan,nan,nan,nan,nan,nan,nan,nan,nan,nan,nan,nan,0,0,0
AFG,1971,0.021788732370928265,12.020524597167935,144.49301159111934,1736.8817999499215,-0.5938161214194224,-14.628580173491656,-270.3321742528458,8.916604614257892,79.50583784700514,708.9221206070457,-0.5538431803385606,-10.18354358317167,-140.47648395709234,10.36774597167971,107.49015653328085,1114.430637393144,-0.5251744588215388,-11.16555897195066,-178.07663022953625,30.556611155816427,933.7064853277649,28530.906005824527,-2.65717588263216,-169.44916410765052,-8109.070804784806,48.05246375372008,2309.039272802582,110955.02596226227,-5.366358113292364,-544.5312568570248,-41479.34984658065,34.63852188451714,1199.8271983441728,41560.240667483515,-2.38034687572506,-170.569445943863,-9170.292856891596,4.653163929780326,21.651934557408683,100.75000089249824,-0.13731727997461718,-1.2967756636064998,-9.185364209386194,5.141748567422232,26.437578330588572,135.93538050741682,-0.04364184538523297,-0.45069540264699626,-3.490816325845657,4.619357208410899,21.338461018897735,98.56997372404024,-0.07921991745630841,-0.7381659888248144,-5.158760950747151,5.838018493946206,34.08245993565792,198.97403142355157,-0.11488718619290861,-1.3546261009746061,-11.979599331496729,11.225191771032224,126.00493029644954,1414.4295066731943,0.13387506941381488,2.9876241208500858,50.005604099662605,nan,nan,nan,nan,nan,nan,nan,nan,nan,nan,nan,nan,nan,nan,nan,nan,nan,nan,nan,nan,nan,nan,nan,nan,0,1,0
AFG,1972,-0.16199379923794943,9.403660074869777,88.42882280369984,831.5545904668863,-2.616864522298158,-56.064188787419496,-905.3272094830352,6.263607279459677,39.23277615130026,245.7387022946963,-2.652997334798215,-40.27306169570488,-463.18341831234943,7.506051635742153,56.34081115842746,422.8970377547542,-2.861694335937557,-51.1493453748534,-691.5335996383899,44.86233454963441,2012.6290612433213,90291.23826981452,14.305723393817985,1078.9225759155565,61760.33226399,68.00689185911325,4624.937340337125,314527.6135594817,19.95442810539317,2315.8980675345424,203572.58759721942,50.613523554602594,2561.7287666123116,129658.11926943528,15.975001670085454,1361.9015682681388,88097.87860195176,4.683015505472819,21.930634224498846,102.70150011818097,0.029851575692493526,0.27869966709016225,1.9514992256827384,4.965501050154368,24.656200679084137,122.43039036480913,-0.17624751726786325,-1.7813776515044353,-13.504990142607696,4.609764357407889,21.24992743082817,97.9571580681359,-0.009592851003009883,-0.08853358806956635,-0.6128156559043418,5.307956693354203,28.174404258523687,149.54851766529796,-0.5300618005920024,-5.908055677134236,-49.4255137582536,11.271181220344983,127.03952610185743,1431.8855208407817,0.045989449312759945,1.0345958054078892,17.456014167587455,nan,nan,nan,nan,nan,nan,nan,nan,nan,nan,nan,nan,nan,nan,nan,nan,nan,nan,nan,nan,nan,nan,nan,nan,0,0,0
AFG,1973,0.05758014866509775,11.311318969726642,127.94593683489778,1447.237302420026,1.9076588948568656,39.517114031197934,615.6827119531397,8.228514607747286,67.70845264991047,557.1399916977538,1.9649073282876088,28.475676498610213,311.4012894030575,9.587597147623796,91.92201906512396,881.3112877926027,2.081545511881643,35.581207906696505,458.4142500378485,38.8626404125034,1510.3048198315425,58694.43312638398,-5.999694137131009,-502.32424141177876,-31596.805143430545,62.41873189060243,3896.098090830909,243189.50215106248,-5.588159968510823,-728.8392495062158,-71338.11140841921,45.46355875584139,2066.9351747458422,93970.2287615729,-5.149964798761204,-494.79359186646934,-35687.89050786238,4.748464842637379,22.547918361763227,107.06799761549048,0.06544933716455947,0.6172841372643809,4.36649749730951,5.2004348039627075,27.044522150266644,140.64327424678703,0.23493375380833914,2.3883214711825076,18.212883881977902,4.7629919052124015,22.686091889118863,108.05367202877785,0.1532275478045122,1.436164458290694,10.096513960641957,5.672500935356255,32.17726686161759,182.52557636973359,0.3645442420020517,4.002862603093902,32.97705870443562,11.689624824400688,136.64732853524484,1597.3560038336345,0.4184436040557049,9.607802433387405,165.4704829928528,nan,nan,nan,nan,nan,nan,nan,nan,nan,nan,nan,nan,nan,nan,nan,nan,nan,nan,nan,nan,nan,nan,nan,nan,0,0,0
AFG,1974,0.19287209946659178,9.825001017252646,96.53064498901553,948.4136852131315,-1.4863179524739962,-31.41529184588225,-498.8236172068945,6.845183308919275,46.85653453270703,320.74156809708575,-1.3833312988280113,-20.85191811720344,-236.39842360066802,8.043623860677087,64.69988481205377,520.4215372572947,-1.5439732869467093,-27.222134253070195,-360.88975053530794,36.492872573944624,1331.7297486981597,48598.64402217324,-2.3697678385587793,-178.57507113338283,-10095.789104210737,50.98633175725807,2599.606026061183,132544.37528292273,-11.432400133344359,-1296.4920647697259,-110645.12686813975,40.823925186259665,1666.5928676133262,68036.86254340039,-4.639633569581726,-400.342307132516,-25933.36621817251,4.346189538637797,18.88936350576463,82.09675406028082,-0.40227530399958145,-3.658554855998595,-24.971243555209668,4.669690231482187,21.806006858000163,101.82729721243695,-0.5307445724805202,-5.238515292266481,-38.815977034350084,4.27801936864853,18.301449718531966,78.29395637022694,-0.4849725365638715,-4.384642170586897,-29.759715658550917,5.8327107503062,34.020514696737514,198.43182180261095,0.1602098149499449,1.843247835119925,15.90624543287737,11.807086668676993,139.40729560164996,1645.994021414554,0.11746184427630446,2.7599670664051246,48.638017580919495,nan,nan,nan,nan,nan,nan,nan,nan,nan,nan,nan,nan,nan,nan,nan,nan,nan,nan,nan,nan,nan,nan,nan,nan,0,0,0
AFG,1975,0.06950114033378085,10.423923746744663,108.6581862779473,1132.6446482208999,0.598922729492017,12.127541288931766,184.2309630077683,7.393576558430993,54.66497432538029,404.1696727393638,0.5483932495117188,7.808439792673262,83.42810464227807,8.709097798665255,75.84838446671598,660.570998191392,0.6654739379881676,11.148499654662217,140.1494609340973,37.214602869994465,1384.9266667714003,51539.495907962824,0.7217302960498415,53.19691807324057,2940.8518857895833,53.58315943703928,2871.1549752551714,153845.5548075464,2.5968276797812067,271.5489491939884,21301.179524623672,42.55704019192308,1811.1016698969563,77075.12655746378,1.7331150056634144,144.50880228363008,9038.264014063388,4.631790002187094,21.45347862436032,99.36800780444665,0.28560046354929636,2.564115118595687,17.271253744165833,4.966287275155385,24.6640092993703,122.4885555377768,0.2965970436731977,2.858002441370136,20.66125832533986,4.514851172765096,20.38388111221836,92.03018954500335,0.2368318041165658,2.082431393686395,13.736233174776416,5.6369661728785765,31.775387634177346,179.11678522396193,-0.1957445774276234,-2.2451270625601687,-19.31503657864903,11.770374184465643,138.54170844233525,1630.6877485214286,-0.03671248421134976,-0.865587159314714,-15.306272893125424,nan,nan,nan,nan,nan,nan,nan,nan,nan,nan,nan,nan,nan,nan,nan,nan,nan,nan,nan,nan,nan,nan,nan,nan,0,0,0
AFG,1976,0.054991994796449006,10.550696309407499,111.31719261334501,1174.473893279223,0.1267725626628362,2.65900633539772,41.82924505832307,7.502453104654876,56.28680258754559,422.28909682402747,0.10887654622388254,1.6218282621652946,18.11942408466365,8.790416971842376,77.27143053885449,679.2480944472858,0.08131917317712123,1.4230460721385043,18.67709625589373,39.43240727949159,1554.9147438557015,61314.03146460437,2.217804409497127,169.98807708430127,9774.535556641546,49.62317180979879,2462.4591804648094,122195.03498682156,-3.959987627240487,-408.695794790362,-31650.519820724847,40.591846598317716,1647.6980102613575,66883.10487288235,-1.9651935936053633,-163.40365963559884,-10192.021684581428,5.016383389631905,25.16410231177488,126.23278485178531,0.3845933874448111,3.710623687414561,26.864777047338663,5.258174419403077,27.648398224864888,145.380100283454,0.291887144247692,2.9843889254945886,22.891544745677194,4.849761486053468,23.520186471607538,114.06729449479805,0.33491031328837195,3.1363053593891763,22.037104949794696,5.465790270698701,29.874863283264578,163.28973707212137,-0.17117590217987555,-1.900524350912768,-15.827048151840557,11.665446075216082,136.08263213377427,1587.464606930011,-0.10492810924956153,-2.459076308560981,-43.223141591417516,nan,nan,nan,nan,nan,nan,nan,nan,nan,nan,nan,nan,nan,nan,nan,nan,nan,nan,nan,nan,nan,nan,nan,nan,0,0,0
AFG,1977,0.12379535033652456,12.10694020589193,146.57800114904256,1774.6110954106168,1.5562438964844318,35.26080853569755,600.1372021313939,9.18897908528669,84.43733662983621,775.8929203088766,1.6865259806318136,28.150534042290623,353.6038234848491,10.38386942545577,107.82474424491517,1119.6380650723627,1.593452453613395,30.553313706060678,440.3899706250769,35.55837076578428,1264.3977315169823,44959.92333269743,-3.87403651370731,-290.51701233871927,-16354.108131906942,53.29606114173656,2840.4701332237214,151385.86989156806,3.6728893319377676,378.010952758912,29190.8349047465,38.634832802245015,1492.6503056574275,57668.29499129462,-1.957013796072701,-155.04770460393001,-9214.809881587731,5.105321824550629,26.06431093223296,133.06669544420248,0.08893843491872389,0.9002086204580806,6.833910592417169,5.536426802476247,30.65202173917736,169.7026747068661,0.2782523830731698,3.0036235143124728,24.322574423412107,5.01902957757314,25.190657900554015,126.4326570814071,0.16926809151967248,1.6704714289464775,12.365362586609052,5.64651526009386,31.883134582472834,180.02860595955914,0.18072498939515924,2.008271299208257,16.738868887437775,11.517521667730122,132.65330536663285,1527.8373188562143,-0.14792440748595936,-3.4293267671414185,-59.62728807379676,nan,nan,nan,nan,nan,nan,nan,nan,nan,nan,nan,nan,nan,nan,nan,nan,nan,nan,nan,nan,nan,nan,nan,nan,0,0,0
AFG,1978,0.0913542280303501,11.806514994303313,139.39379631070898,1645.7549462552474,-0.30042521158861746,-7.184204838333585,-128.8561491553694,9.090015665690032,82.6283848024902,751.0933122853,-0.09896341959665733,-1.8089518273460072,-24.799608023576525,10.218715922037802,104.4221550953089,1067.0603388859338,-0.16515350341796875,-3.4025891496062712,-52.57772618642889,27.710894151823602,767.8936546935715,21279.019785070544,-7.84747661396068,-496.50407682341074,-23680.903547626884,42.77485450165841,1829.6881776380467,78264.64558187198,-10.521206640078148,-1010.7819555856747,-73121.22430969607,30.2083569356455,912.5448287513616,27566.47990669863,-8.426475866599514,-580.1054769060659,-30101.81508459599,4.939824283123016,24.401863948131822,120.54092008444566,-0.1654975414276123,-1.6624469841011376,-12.525775359756821,5.302027980486552,28.11150070586231,149.0479633159494,-0.23439882198969464,-2.540521033315052,-20.654711390916702,4.855738202730815,23.578193493459484,114.48953489757035,-0.16329137484232525,-1.6124644070945315,-11.94312218383675,5.733416065415215,32.87205977916128,188.46919564113261,0.08690080532135447,0.9889251966884487,8.44058968157347,11.563222794100602,133.70812138600772,1546.0967969670546,0.04570112637047963,1.0548160193748686,18.25947811084029,nan,nan,nan,nan,nan,nan,nan,nan,nan,nan,nan,nan,nan,nan,nan,nan,nan,nan,nan,nan,nan,nan,nan,nan,0,0,0
AFG,1979,0.11018858909296547,11.41575775146481,130.3195250401289,1487.6961281440638,-0.39075724283850377,-9.074271270580084,-158.05881811118365,8.51540018717452,72.51204034773187,617.4690419494823,-0.5746154785155113,-10.116344454758334,-133.62427033581776,9.833329772949241,96.69437442356998,950.8276708959924,-0.3853861490885606,-7.727780671738913,-116.23266798994143,31.224341119468594,974.9594783449372,30442.467329501473,3.5134469676449918,207.0658236513657,9163.447544430928,51.16534762464651,2617.89279755092,133945.39503075115,8.390493122988097,788.2046199128733,55680.74944887917,35.777828852815226,1280.0530374213376,45797.5184953869,5.569471917169725,367.50820866997606,18231.038588688272,4.847299098968508,23.496308554860907,113.8936352870633,-0.09252518415450872,-0.9055553932709159,-6.647284797382355,5.246703267097473,27.5278951729713,144.43069754034528,-0.05532471338907907,-0.5836055328910099,-4.617265775604125,4.834489385286967,23.372287616452358,112.99307639161296,-0.021248817443847656,-0.20590587700712604,-1.496458505957392,5.686622354177395,32.33767379903006,183.89213870766096,-0.046793711237819835,-0.5343859801312263,-4.577056933471653,11.270135410792115,127.01595217759035,1431.4869803721388,-0.29308738330848705,-6.6921692084173685,-114.60981659491586,nan,nan,nan,nan,nan,nan,nan,nan,nan,nan,nan,nan,nan,nan,nan,nan,nan,nan,nan,nan,nan,nan,nan,nan,0,0,0
AFG,1980,0.023922708041085983,12.105495707193882,146.5430263168895,1773.9759759983058,0.6897379557290719,16.2235012767606,286.279847854242,9.062768554687466,82.13377387583193,744.3593831597005,0.547368367512945,9.621733528100066,126.89034121021825,10.464000956217376,109.49531601171816,1145.7590914479426,0.6306711832681344,12.800941588148177,194.93142055195028,32.14153986982638,1033.0785852036388,33204.73653498659,0.9171987503577874,58.11910685870157,2762.269205485114,51.20666200082266,2622.1222332664956,134270.1269237197,0.04131437617615319,4.229435715575619,324.7318929685571,36.77471696641987,1352.379807960289,49733.38466884089,0.9968881136046406,72.32677053895145,3935.8661734539855,4.877934336662292,23.794243392788992,116.06675686058529,0.030635237693783957,0.2979348379280857,2.173121573521982,5.367500881354014,28.810065711336122,154.6380530974637,0.12079761425654123,1.2821705383648236,10.207355557118433,4.8737954894701625,23.7538824731797,115.77156525518757,0.039306104183195245,0.38159485672734306,2.7784888635746086,5.787821905919643,33.49888241464329,193.88556546329878,0.1011995517422486,1.1612086156132335,9.993426755637813,11.362311017958044,129.10211166881075,1466.8983458561784,0.09217560716592921,2.0861594912204,35.41136548403961,nan,nan,nan,nan,nan,nan,nan,nan,nan,nan,nan,nan,nan,nan,nan,nan,nan,nan,nan,nan,nan,nan,nan,nan,0,0,0
AFG,1981,0.06698016469156176,11.955056762695278,142.92338219926611,1708.6571469086182,-0.15043894449860318,-3.6196441176233805,-65.3188290896876,8.865088399251192,78.58979232653806,696.7054562535529,-0.1976801554362737,-3.543981549293875,-47.6539269061476,10.319456990560127,106.49119258002027,1098.931281702975,-0.14454396565724892,-3.0041234316978915,-46.82780974496768,33.274219294980874,1107.1736696904775,36840.339482909665,1.1326794251544925,74.09508448683869,3635.6029479230783,54.673942284807694,2989.2399649624826,163433.53331979935,3.4672802839850334,367.117731695987,29163.406396079634,39.33046291149369,1546.8853128323808,60839.715424688264,2.5557459450738236,194.5055048720917,11106.330755847375,5.05577023824056,25.560812701879005,129.22959612340114,0.177835901578268,1.7665693090900128,13.16283926281585,5.523907462755841,30.513553657089673,168.55404676159844,0.15640658140182673,1.703487945753551,13.915993664134731,5.071743448575338,25.722581608166866,130.45833475166478,0.19794795910517582,1.9686991349871654,14.686769496477211,5.586888796942726,31.21332642940414,174.3853837437543,-0.2009331089769173,-2.2855559852391494,-19.500181719544486,10.665870398777397,113.7607913635159,1213.3578571456158,-0.6964406191806471,-15.341320305294843,-253.5404887105626,nan,nan,nan,nan,nan,nan,nan,nan,nan,nan,nan,nan,nan,nan,nan,nan,nan,nan,nan,nan,nan,nan,nan,nan,0,0,0
AFG,1982,nan,11.180418904622456,125.0017668828392,1397.5721175681049,-0.7746378580728219,-17.92161531642691,-311.0850293405133,8.152406311035179,66.46172866020622,541.8230161717728,-0.7126820882160132,-12.12806366633184,-154.88244008178015,9.489536539713413,90.05130373855602,854.5451372758583,-0.8299204508467142,-16.439888841464253,-244.38614442711662,43.81828664418209,1920.0422444317064,84132.96143544724,10.544067349201214,812.8685747412289,47292.62195253758,62.12708130169628,3859.7742310675794,239796.50745972776,7.453139016888585,870.5342661050968,76362.97413992841,46.73016938158978,2183.708730432071,102045.07885314706,7.399706470096092,636.8234175996904,41205.3634284588,4.995467861493429,24.954699155213735,124.66039762310743,-0.06030237674713046,-0.6061135466652701,-4.569198500293709,5.378065844376883,28.92359222645324,155.5529834497729,-0.1458416183789577,-1.589961430636432,-13.001063311825533,4.917669216791789,24.18347052578157,118.92630855982756,-0.1540742317835493,-1.539111082385297,-11.532026191837218,5.415145549451293,29.32380132174215,158.79265222042594,-0.17174324749143288,-1.889525107661992,-15.592731523328354,11.20616399063863,125.57811138508592,1407.248909815957,0.5402935918612339,11.817320021570012,193.8910526703412,nan,nan,nan,nan,nan,nan,nan,nan,nan,nan,nan,nan,nan,nan,nan,nan,nan,nan,nan,nan,nan,nan,nan,nan,0,0,0
AFG,1983,nan,11.430505371093773,130.6564530386036,1493.4692882258196,0.25008646647131627,5.654686155764381,95.8971706577147,8.336269632975302,69.49339139366617,579.3156483674866,0.18386332194012311,3.031662733459953,37.49263219571378,9.816176350911462,96.35731815219347,945.8604276828132,0.3266398111980493,6.306014413637456,91.31529040695489,31.7419501625409,1007.5514001212302,31981.646328846393,-12.076336481641189,-912.4908443104762,-52151.31510660085,49.63192848049401,2463.3283246928727,122259.73523513178,-12.495152821202268,-1396.4459063747067,-117536.77222459597,35.50410470325007,1260.541450779344,44754.39565125657,-11.22606467833971,-923.1672796527273,-57290.68320189049,4.981243550777434,24.812787312161785,123.59853677551803,-0.014224310715994726,-0.14191184305195037,-1.0618608475894007,5.44944041967392,29.696400887575866,161.8287673155964,0.07137457529703628,0.7728086611226246,6.275783865823485,4.923781951268514,24.243628703637572,119.37034144422596,0.006112734476724668,0.06015817785600319,0.4440328843983963,5.739911820841426,32.946587711035136,189.11050825895944,0.3247662713901329,3.622786389292987,30.317856038533506,11.685192940108559,136.5437340475629,1595.5398771086427,0.479028949469928,10.965622662476989,188.29096729268576,nan,nan,nan,nan,nan,nan,nan,nan,nan,nan,nan,nan,nan,nan,nan,nan,nan,nan,nan,nan,nan,nan,nan,nan,0,0,0
AFG,1984,nan,11.081458028157556,122.79871202981755,1360.7887732702295,-0.34904734293621686,-7.857741008786036,-132.68051495559007,8.191740926106718,67.10461940045175,549.7036570734954,-0.14452870686858432,-2.3887719932144194,-29.611991293991196,9.380687967936126,87.99730675178161,825.4752766572221,-0.4354883829753362,-8.360011400411864,-120.38515102559109,32.125667517220755,1032.0585134270127,33155.56866067332,0.383717354679856,24.507113305782468,1173.9223318269287,50.91777178859044,2592.6194839149766,132010.4072166359,1.2858433080964318,129.29115922210394,9750.671981504129,35.703275627611234,1274.7238905411784,45511.818413092624,0.19917092436116235,14.18243976183453,757.4227618360528,4.84934828678767,23.51617880657051,114.03814140743522,-0.13189526398976437,-1.2966085055912728,-9.560395368082808,5.342007537682851,28.537044532660396,152.44510699666301,-0.10743288199106882,-1.1593563549154702,-9.38366031893338,4.809089263280235,23.127339542197234,111.22144028061714,-0.11469268798827859,-1.1162891614403385,-8.148901163608812,5.656126645156709,31.991768626051687,180.9494949514994,-0.08378517568471722,-0.9548190849834484,-8.161013307460053,12.427506623162381,154.44292086874486,1919.3404219968702,0.7423136830538226,17.899186821181956,323.8005448882275,nan,nan,nan,nan,nan,nan,nan,nan,nan,nan,nan,nan,nan,nan,nan,nan,nan,nan,nan,nan,nan,nan,nan,nan,0,0,0
AFG,1985,nan,11.988727823893328,143.72959483539404,1723.1349927200033,0.9072697957357718,20.930882805576488,362.3462194497738,8.953274027506552,80.16111581162339,717.7044362121526,0.7615331013998343,13.056496411171636,168.0007791386572,10.322343444824298,106.55077419290716,1099.8536855311092,0.9416554768881724,18.553467441125548,274.3784088738871,28.847041538256246,832.1518055098812,24005.117699678478,-3.2786259789645094,-199.90670791713148,-9150.450960994844,43.3019051433803,1875.0549890463055,81193.45327430511,-7.61586664521014,-717.5644948686711,-50816.9539423308,32.54860906008616,1059.4119517463228,34482.38545097392,-3.1546665675250765,-215.31193879485568,-11029.432962118706,4.890162269274392,23.913687019834875,116.94180998363328,0.04081398248672219,0.3975082132643628,2.903668576198058,5.31230115890503,28.220543602903728,149.91602648663542,-0.029706378777820674,-0.31650092975666766,-2.5290805100275975,4.839747865994771,23.42315940640094,113.3621857519843,0.03065860271453591,0.29581986420370754,2.140745471367154,5.743789651866511,32.99111956488881,189.49405116029914,0.08766300670980165,0.9993509388371251,8.544556208799747,11.004984562649463,121.109685224153,1332.8102162791395,-1.422522060512918,-33.333235644591866,-586.5302057177307,nan,nan,nan,nan,nan,nan,nan,nan,nan,nan,nan,nan,nan,nan,nan,nan,nan,nan,nan,nan,nan,nan,nan,nan,0,0,0
AFG,1986,nan,11.358888244628929,129.02434215396926,1465.5730833637024,-0.6298395792643987,-14.705252681424781,-257.56190935630093,8.397581990560013,70.51938328817788,592.1923030862013,-0.5556920369465388,-9.641732523445512,-125.51213312595132,9.693526204427087,93.96445027591461,910.8468610341644,-0.6288172403972112,-12.58632391699254,-189.0068244969449,34.97552033081775,1223.2870224114458,42785.10012277703,6.128478792561506,391.1352169015646,18779.982423098554,52.31987194429165,2737.3690002670764,143218.79555824707,9.017966800911346,862.3140112207709,62025.342283941965,38.246414914738125,1462.788253830303,55946.406488399036,5.697805854651968,403.37630208398014,21464.02103742512,4.813285171985626,23.1677141468567,111.51281497186697,-0.07687709728876602,-0.7459728729781752,-5.428995011766304,5.209549864133199,27.13940978689023,141.3841085679492,-0.10275129477183143,-1.081133816013498,-8.531917918686219,4.740687549114228,22.474118438326666,106.54277345789373,-0.09906031688054284,-0.9490409680742751,-6.819412294090569,5.607329816391406,31.442147669792078,176.30649212020668,-0.13645983547510454,-1.5489718950967344,-13.187559040092452,11.355245624911673,128.9416032020757,1464.1635756294668,0.3502610622622093,7.8319179779227,131.3533593503273,nan,nan,nan,nan,nan,nan,nan,nan,nan,nan,nan,nan,nan,nan,nan,nan,nan,nan,nan,nan,nan,nan,nan,nan,0,0,0
AFG,1987,nan,11.98737487792971,143.69715646402034,1722.5516834267323,0.6284866333007812,14.67281431005108,256.97860006302994,8.914832051595113,79.47423050814753,708.4994174098917,0.5172500610350994,8.95484721996965,116.30711432369048,10.3029393513998,106.15055927862254,1093.6627743648173,0.6094131469727131,12.186109002707923,182.81591333065296,28.646847927575408,820.6418961856315,23508.80360302691,-6.328672403242344,-402.64512622581435,-19276.29651975012,51.152176990399305,2616.545210857136,133841.9837291459,-1.1676949538923438,-120.82378940994022,-9376.811829101178,32.58542362641495,1061.8098329129216,34599.52321616043,-5.660991288323174,-400.9784209173813,-21346.883272238607,4.874699413776399,23.762694374671963,115.83599233796114,0.06141424179077237,0.5949802278152632,4.323177366094171,5.4066723585128775,29.2321059923072,158.048419449726,0.19712249437967877,2.0926962054169707,16.6643108817768,4.872081160545348,23.73717483494091,115.64944231788672,0.13139361143112005,1.2630563966142425,9.106668859992993,5.81990045301639,33.87124128302038,197.1272524872778,0.2125706366249842,2.4290936132283036,20.820760367071102,10.862272303937146,117.98895960488001,1281.6282080864469,-0.4929733209745262,-10.952643597195689,-182.5353675430199,nan,nan,nan,nan,nan,nan,nan,nan,nan,nan,nan,nan,nan,nan,nan,nan,nan,nan,nan,nan,nan,nan,nan,nan,0,0,0
AFG,1988,nan,12.33937733968105,152.2602331310342,1878.796470431637,0.35200246175134,8.56307666701386,156.24478700490477,9.190227762858115,84.46028633320806,776.2092683183946,0.2753957112630019,4.986055825060532,67.70985090850286,10.601673380533839,112.3954784675198,1191.580152161469,0.2987340291340388,6.244919188897256,97.91737779665164,32.62792885851697,1064.5817415964443,34735.097328884876,3.981080930941559,243.93984541081284,11226.293725857966,50.217280458582515,2521.7752566559334,126636.69531700491,-0.9348965318167899,-94.76995420120284,-7205.288412140988,36.54121718409442,1335.2605532951575,48792.04587531243,3.9557935576794705,273.4507203822359,14192.522659152004,4.999620378017425,24.996203924287098,124.97153051294488,0.12492096424102606,1.2335095496151354,9.135538174983736,5.48703654607137,30.107570057922832,165.20133722122668,0.08036418755849262,0.8754640656156312,7.152917771500682,4.962588191032411,24.62728155377433,122.21505661599082,0.09050703048706232,0.8901067188334224,6.565614298104094,5.882813770715277,34.6074978609173,203.58946498620375,0.06291331769888675,0.736256577896917,6.462212498925965,11.193553134150653,125.2956317670539,1402.5033116614923,0.3312808302135064,7.306672162173896,120.87510357504539,nan,nan,nan,nan,nan,nan,nan,nan,nan,nan,nan,nan,nan,nan,nan,nan,nan,nan,nan,nan,nan,nan,nan,nan,0,0,0
AFG,1989,nan,11.008393859863133,121.18473537387234,1334.0492967988748,-1.3309834798179168,-31.075497757161855,-544.7471736327623,7.863595581054824,61.83613546238495,486.2543615715178,-1.3266321818032907,-22.624150870823108,-289.9549067468768,9.264260864258006,85.8265293610225,795.1193570744114,-1.3374125162758332,-26.5689491064973,-396.4607950870576,31.75750238415275,1008.5389576794677,32028.678353016625,-0.8704264743642156,-56.042783916976646,-2706.4189758682514,51.26365786600221,2627.9626178025305,134718.97652367246,1.0463774074196976,106.18736114659714,8082.281206667554,36.687388677137285,1345.964487947341,49379.92231494816,0.14617149304286414,10.703934652183534,587.8764396357292,4.537950575351715,20.592995424334962,93.44999543407607,-0.46166980266570956,-4.403208499952136,-31.52153507886881,4.991939624150594,24.919461211164773,124.39644583249716,-0.49509692192077637,-5.188108846758059,-40.804891388729516,4.482836842536927,20.095826156806446,90.0863098769492,-0.4797513484954834,-4.5314553969678855,-32.12874673904162,5.910570292372241,34.93484118107328,206.4848344535941,0.02775652165696396,0.32734332015598255,2.8953694673903385,11.440404059699524,130.88284504918937,1497.3526318457698,0.24685092554887156,5.587213282135465,94.84932018427753,nan,nan,nan,nan,nan,nan,nan,nan,nan,nan,nan,nan,nan,nan,nan,nan,nan,nan,nan,nan,nan,nan,nan,nan,0,0,0
AFG,1990,nan,12.40468495686838,153.87620887915668,1908.7858935032114,1.3962910970052462,32.691473505284335,574.7365967043365,9.239528910318938,85.36889448461947,788.7683686326086,1.3759333292641145,23.532759022234522,302.5140070610908,10.75982818603535,115.77390259300076,1245.7073003274807,1.4955673217773438,29.94737323197826,450.5879432530693,38.8185711619826,1506.8814670579068,58494.98546166009,7.0610687778298455,498.3425093784391,26466.30710864347,62.10296187873608,3856.777874111747,239517.3292907146,10.83930401273387,1228.8152563092167,104798.35276704215,44.62468820202048,1991.3627971275457,88863.9439189201,7.937299524883194,645.3983091802047,39484.02160397193,5.067107180754345,25.675575181252245,130.1008913709213,0.5291566054026298,5.0825797569172835,36.65089593684522,5.521901369094851,30.491394730011592,168.37047430526255,0.5299617449442575,5.571933518846819,43.97402847276538,5.053148865699767,25.534313458922842,129.02868709137826,0.57031202316284,5.438487302116396,38.94237721442906,5.628619605163411,31.681358659629918,178.32231646980657,-0.28195068720882954,-3.253482521443363,-28.162517983787524,11.407722380160823,130.13612990282212,1484.55684155994,-0.03268167953870105,-0.7467151463672508,-12.795790285829753,nan,nan,nan,nan,nan,nan,nan,nan,nan,nan,nan,nan,nan,nan,nan,nan,nan,nan,nan,nan,nan,nan,nan,nan,0,0,0
AFG,1991,nan,11.816130574544161,139.62094175467732,1649.7792787140922,-0.5885543823242188,-14.25526712447936,-259.0066147891191,8.762834167480435,76.78726264676253,672.8740487483448,-0.47669474283850377,-8.581631837856946,-115.89431988426384,10.149438476562466,103.01110138952663,1045.504835955939,-0.6103897094728836,-12.762801203474126,-200.20246437154174,54.35247365244322,2954.191392139535,160567.60980553864,15.533902490460626,1447.309925081628,102072.62434387855,81.49019992515602,6640.652683841899,541148.1148398002,19.387238046419938,2783.8748097301514,301630.7855490856,61.207343512705826,3746.338899882372,229303.45196011278,16.582655310685347,1754.9761027548263,140439.5080411927,5.142718295256297,26.447551464363833,136.01230678051635,0.07561111450195224,0.771976283111588,5.911415409595065,5.580434203147888,31.141245895662806,173.78167372479552,0.058532834053036886,0.6498511656512136,5.411199419532977,5.1466209689776115,26.487707398320048,136.32219031633738,0.09347210327784428,0.9533939393972055,7.2935032249591245,5.421129177706905,29.388641561385143,159.31962226159482,-0.2074904274565066,-2.2927170982447755,-19.00269420821175,11.030180173978078,121.66487467041905,1341.985488459184,-0.3775422061827456,-8.471255232403067,-142.57135310075614,nan,nan,nan,nan,nan,nan,nan,nan,nan,nan,nan,nan,nan,nan,nan,nan,nan,nan,nan,nan,nan,nan,nan,nan,0,0,0
